[
    {
    "name": "U:Don",
        "latitude": 47.66248957041129,
        "longitude": -122.31285800188569,
        "url": "https://freshudon.com/udon-university",
        "has_patio": false,
        "cuisine": "Japanese",
        "rating": 4.4,
        "image": "https://static-content.owner.com/funnel/images/4ccce2d9-c490-4256-ad58-eacf4856c559?v=4369946875&w=3840&q=80&auto=format",
        "imageDescription": "A bowl of spicy udon and fried kabobs."
    },
    {
        "name": "Saint Bread",
        "latitude": 47.65058,
        "longitude": -122.31297,
        "url": "https://saintbread.com/",
        "has_patio": true,
        "cuisine": "Bakery",
        "rating": 4.4,
        "image": "https://res.cloudinary.com/the-infatuation/image/upload/q_auto,f_auto/cms/StBread_Patio_ChonaKasinger_Seattle01_7760",
        "imageDescription": "Outside picnic area of Saint Bread resturant."
    },
    {
        "name": "Morsel",
        "latitude": 47.665514059568025,
        "longitude": -122.31287231699613,
        "url": "morselseattle.com",
        "has_patio": false,
        "cuisine": "Cafe",
        "rating": 4.6,
        "image": "https://seattlecoffeescene.com/wp-content/uploads/2013/08/morsel-coffee-university-district.jpg",
        "imageDescription": "A newspaper, a cup os espresso, and a fluffy pastery."
    },
    {
        "name": "Agua Verde Cafe",
        "latitude": 47.65172326985612,
        "longitude":  -122.31400147327928,
        "url": "aguaverdecafe.com",
        "has_patio": true,
        "cuisine": "Cafe",
        "rating": 4.3,
        "image": "https://media.king5.com/assets/KING/images/cc646f21-1d12-42a7-9ba4-7c732a25de35/cc646f21-1d12-42a7-9ba4-7c732a25de35_1920x1080.jpg",
        "imageDescription": "Inside eating area of Agua Verde with a view of the water."
    },
    {
        "name": "Fern Thai Eatery & Bar",
        "latitude": 47.61311518086259,
        "longitude": -122.31929794732181,
        "url": "www.fernthaioncaphill.com",
        "has_patio": true,
        "cuisine": "Thai",
        "rating": 4.3,
        "image": "https://static.wixstatic.com/media/e7cabc_3a55f54d27ee49eaa4bd88e013a6ee6b~mv2.jpg/v1/fill/w_640,h_500,al_c,q_80,usm_0.66_1.00_0.01,enc_auto/e7cabc_3a55f54d27ee49eaa4bd88e013a6ee6b~mv2.jpg",
        "imageDescription": "Front of the Fern Thai restuant showing empty outside tables and people eatting inside next to large open windows."
    },
    {
        "name": "Pizzeria La Rocca",
        "latitude": 47.6900977,
        "longitude": -122.3552034,
        "url": "pizzalarocca.com",
        "has_patio": true,
        "cuisine": "Pizza",
        "rating": 4.7,
        "image": "https://img.cdn4dd.com/cdn-cgi/image/fit=cover,width=600,height=400,format=auto,quality=80/https://doordash-static.s3.amazonaws.com/media/store/header/881af505-0d18-4206-b4e1-9b379af1d67f.jpg",
        "imageDescription": "A whole pizza covered in argula and large strips of bacon."
    },
    {
        "name": "Bizarro",
        "latitude": 47.66217889627344,
        "longitude": -122.34180049162336,
        "url": "https://www.bizzarroitaliancafe.com/",
        "has_patio": false,
        "cuisine": "Italian",
        "rating": 4.6,
        "image": "https://seattleunexplored.com/wp-content/uploads/2019/10/IMG_1583.jpg",
        "imageDescription": "A crowded bar with eclectic objects, such as a bicycle, hanging from the ceiling."
    },
    {
        "name": "Seattle Best Tea",
        "latitude": 47.6615468359008,
        "longitude": -122.31318693912908,
        "url": "https://www.seattlebesttea.com/",
        "has_patio": false,
        "cuisine": "Cafe",
        "rating": 4.7,
        "image": "https://s3-media0.fl.yelpcdn.com/bphoto/ggPppVTscpLI9d-pgRqpSg/348s.jpg",
        "imageDescription": "Inside of Seattle Best Tea. Shows a front ordering counter and a couple of wooden tables along the sides with people."
    },
    {
        "name": "Kamonegi",
        "latitude": 47.654219370480455,
        "longitude": -122.34435514465629,
        "url": "https://www.kamonegiseattle.com/",
        "has_patio": false,
        "cuisine": "Japanese",
        "rating": 4.5,
        "image": "https://cdn.vox-cdn.com/uploads/chorus_image/image/62470313/Kamonegi.12.jpg",
        "imageDescription": "A wide flat bowl with noodles being held up by chopsticks and fresh vegtables on top."
    },
    {
        "name": "Toyoda Sushi",
        "latitude": 47.721377769862634,
        "longitude": -122.2950391287354,
        "url": "https://www.facebook.com/toyodasushi",
        "has_patio": false,
        "cuisine": "Japanese",
        "rating": 4.5,
        "image": "https://res.cloudinary.com/the-infatuation/image/upload/v1657763681/cms/guides/the-best-restaurants-near-your-ballot-drop-box/kasinger_seattle_toyoda032.jpg",
        "imageDescription": "Three plates of sushi rolls, with soy sauce, ginger, and raw fish."
    },
    {
        "name": "Costas",
        "latitude": 47.66299606567164,
        "longitude": -122.3133402662642,
        "url": "https://www.costasseattle.com/",
        "has_patio": false,
        "cuisine": "Greek",
        "rating": 4.1,
        "image": "https://dynamic-media-cdn.tripadvisor.com/media/photo-o/0d/19/41/a6/dining-area-at-costa.jpg?w=1200&h=-1&s=1",
        "imageDescription": "Costas dining room. There are several rows of tables and many large plants around the room."
    },
    {
        "name": "Arigato Sushi",
        "latitude": 47.6765399309586,
        "longitude":  -122.35417786739815,
        "url": "http://arigato.menu11.com/",
        "has_patio": true,
        "cuisine": "Japanese",
        "rating": 4.4,
        "image": "https://dynamic-media-cdn.tripadvisor.com/media/photo-o/16/96/c8/e5/arigato-sushi-grill.jpg?w=1200&h=-1&s=1",
        "imageDescription": "An large black platter displaying 5 types arranged sushi."
    },
    {
        "name": "Oxbow",
        "latitude": 47.64040995540413,
        "longitude":  -122.30203964468622,
        "url": "https://www.oxbowmontlake.com/",
        "has_patio": false,
        "cuisine": "Bakery",
        "rating": 4.6,
        "image": "https://img.restaurantguru.com/w550/h367/r9d9-Oxbow-Urban-Kitchen-interior.jpg",
        "imageDescription": "Inside of Oxbow bakery showing a long white bar and a row of tall bar tables."
    },
    {
        "name": "Portage Bay Cafe",
        "latitude": 47.65771541279295,
        "longitude":  -122.31768283430614,
        "url": "https://www.portagebaycafe.com/",
        "has_patio": true,
        "cuisine": "Cafe",
        "rating": 4.3,
        "image": "https://images.squarespace-cdn.com/content/v1/544ab456e4b0f3ba72eb800a/1569522248455-N20LOFZLK9RMV7TVLK0H/slu+interior.png",
        "imageDescription": "Inside of portage bay cafe showing a large room with many small tables at which people are eating."
    },
    {
        "name": "Sultan Gyros Grill",
        "latitude": 47.65916097098205,
        "longitude": -122.31296787548699,
        "url": "https://www.example.com",
        "has_patio": false,
        "cuisine": "Mediterranean",
        "rating": 4.5,
        "image": "https://tb-static.uber.com/prod/image-proc/processed_images/d795646d9a29341cba0fddbde3009850/fdf52d66534809b650058f41d517d74a.jpeg",
        "imageDescription": "Four paper plates with kebab dishes. There is chicken kabob, greek fries, a wrap, and a mixed plate of rice, meat, veggies, and pita."
    },
    {
        "name": "Aladdin CharBurger",
        "latitude": 47.65809525317369,
        "longitude":  -122.31327179691436,
        "url": "https://www.aladdincharburger.com/",
        "has_patio": false,
        "cuisine": "Burger",
        "rating": 4.7,
        "image": "https://s3-media0.fl.yelpcdn.com/bphoto/Y3e22DmuYyiLABqmDT-Ihw/348s.jpg",
        "imageDescription": "Three sets of burgers and fries in classic red plastic containers with checkered paper."
    },
    {
        "name": "Thai Tom",
        "latitude": 47.66494192435156,
        "longitude": -122.31306794488486,
        "url": "https://thaitomseattle.com/",
        "has_patio": false,
        "cuisine": "Thai",
        "rating": 4.3,
        "image": "https://media-cdn.tripadvisor.com/media/photo-p/13/19/08/a3/photo0jpg.jpg",
        "imageDescription": "Two green, leaf shaped serving dishes. One with noodles, the other with rice and curry."
    },
    {
        "name": "Issian",
        "latitude": 47.66164636722708,
        "longitude": -122.33828702139809,
        "url": "https://issianjapanesestonegrill.weebly.com/",
        "has_patio": false,
        "cuisine": "Japanese",
        "rating": 4.5,
        "image": "https://tb-static.uber.com/prod/image-proc/processed_images/4a7f7af6344ffe7ef868b7bc1f6cf516/fb86662148be855d931b37d6c1e5fcbe.jpeg",
        "imageDescription": "An array of square plates each with neatly arranged sashimi."
    },
    {
        "name": "Samurai Noodle",
        "latitude": 47.662150261711396,
        "longitude": -122.31205702767754,
        "url": "https://www.samurainoodle.com/",
        "has_patio": false,
        "cuisine": "Japanese",
        "rating": 4.1,
        "image": "https://dynamic-media-cdn.tripadvisor.com/media/photo-o/0a/9c/aa/70/ramen.jpg?w=1200&h=-1&s=1",
        "imageDescription": "Two bowls of udon with lots of creamy broth."
    },
    {
        "name": "Ezell's Famous Chicken",
        "latitude": 47.661791489792776,
        "longitude": -122.33089907796148,
        "url": "https://ezellschicken.com/",
        "has_patio": false,
        "cuisine": "Chicken",
        "rating": 4.4,
        "image": "https://ezellschicken.com/wp-content/uploads/2020/06/location-option3.jpg",
        "imageDescription": "Fried chicken on a frier."
    },
    {
        "name": "Birria Pepe El Toro",
        "latitude": 47.67042786909221,
        "longitude": -122.3127671898264,
        "url": "https://www.birrieria-pepeeltoro.com/",
        "has_patio": false,
        "cuisine": "Mexican",
        "rating": 4.8,
        "image": "https://streetfoodfinder.com/static/uploads/vendor/photos/596538/bg_q",
        "imageDescription": "Fried taco with two shells and overflowing with meat and cheese."
    },
    {
        "name": "Cafe on the Ave",
        "latitude": 47.658593144048815,
        "longitude": -122.31332774551767,
        "url": "https://cafeontheave.site/",
        "has_patio": true,
        "cuisine": "Cafe",
        "rating": 4.1,
        "image": "https://cafe-on-the-ave.weeblyte.com/wp-content/uploads/2023/06/AnyConv.com__d6dd302c5ad1b8d24d0cd429a58f312b-w2880-f7-768x614-1.webp",
        "imageDescription": "A plate of sandwhiches and fries, a plate of brisket, beans and rice, and a skillet of eggs, hashbrowns, and tomatoes."
    },
    {
        "name": "Hiroshi's Poke",
        "latitude": 47.66363330233521,
        "longitude": -122.31620878961279,
        "url": "https://www.example.com",
        "has_patio": false,
        "cuisine": "Hawaiian",
        "rating": 4.7,
        "image": "https://udistrictseattle.com/wp-content/uploads/2020/10/Screen-Shot-2020-10-21-at-5.45.29-PM.png",
        "imageDescription": "Three bowls of poke including fish, edamame, and sauces."
    },
    {
        "name": "One Day Cafe",
        "latitude": 47.18448638819438,
        "longitude": -122.48503180040143,
        "url": "https://www.instagram.com/onedaycafe.wa/",
        "has_patio": false,
        "cuisine": "Cafe",
        "rating": 4.5,
        "image": "https://assets.sagemenu.com/one-day-cafe-lakewood/gallery/gallery19-0.webp",
        "imageDescription": "Two drinks in plastic One Day Cafe cups on a white counter. One is brown and one is blue."
    },
    {
        "name": "Local Public Eatery",
        "latitude": 49.28441068867758,
        "longitude": -123.10392684758963,
        "url": "https://localpubliceatery.com/neighbourhoods/gastown/",
        "has_patio": true,
        "cuisine": "Bar",
        "rating": 4.3,
        "image": "https://localpubliceatery.com/app/uploads/2024/07/Image-5.jpeg",
        "imageDescription": "Inside of Local Public Eatery showing half circle booths along the wall, a row of small high tables, and sports TVS on the walls."
    },
    {
        "name": "Himitsu Teriyaki",
        "latitude": 47.69381566888056,
        "longitude": -122.31002692371351,
        "url": "https://himitsuteriyaki.menu11.com/",
        "has_patio": false,
        "cuisine": "Japanese",
        "rating": 4.3,
        "image": "https://s3-media0.fl.yelpcdn.com/bphoto/1GcHoHzvAMvZlCcn2JspGQ/348s.jpg",
        "imageDescription": "White rectangualar plate with wavy edges holding rice, lettuce, and strips of meat covered in teriyaki sauce."
    },
    {
        "name": "Jacks BBQ",
        "latitude": 47.5687569628992,
        "longitude": -122.32207940795915,
        "url": "https://jacksbbq.com/",
        "has_patio": true,
        "cuisine": "BBQ",
        "rating": 4.4,
        "image": "https://jacksbbq.com/wp-content/uploads/2020/05/0108jacks-scaled.jpg",
        "imageDescription": "Close of large pieces of meat in the BBQ cook chamber."
    },
    {
        "name": "Geraldine's",
        "latitude": 47.558029,
        "longitude": -122.2848895,
        "url": "https://www.geraldinescounter.com/?utm_source=gmb",
        "has_patio": true,
        "cuisine": "Breakfast",
        "rating": 4.6,
        "image": "https://static.wixstatic.com/media/b452b8_ad1fa7ac31ab48299b08391dca0e9dbf~mv2.jpg/v1/fill/w_560,h_400,al_c,q_80,usm_0.66_1.00_0.01,enc_auto/b452b8_ad1fa7ac31ab48299b08391dca0e9dbf~mv2.jpg",
        "imageDescription": "Round green plate with scrabled eggs, hashbrown, and toast."
    },
    {
        "name": "Uneeda Burger",
        "latitude": 47.66121537269227,
        "longitude": -122.34631087836202,
        "url": "http://uneedaburger.com/",
        "has_patio": true,
        "cuisine": "Burger",
        "rating": 4.5,
        "image": "https://static.spotapps.co/website_images/ab_websites/150042_website_v1/about_s2.jpg",
        "imageDescription": "A rootbeer, fries, and burger, on a wooden table with other tables and wooden ordering counter in the background."
    },
    {
        "name": "Brick'N'Cheese Seattle",
        "latitude": 47.621353104879674,
        "longitude": -122.31510526910094,
        "url": "https://brickncheese.com/",
        "has_patio": false,
        "cuisine": "French",
        "rating": 4.2,
        "image": "https://brickncheese.com/wp-content/uploads/2023/07/Copie-de-DSC08389-597x464.jpg",
        "imageDescription": "Fried potatoes and chesse with a ladel full of white, creamy sauce being poured over it."
    },
    {
        "name": "The Flour Box",
        "latitude": 47.55263766338159,
        "longitude": -122.27748799259626,
        "url": "https://www.theflourboxseattle.com/",
        "has_patio": true,
        "cuisine": "Bakery",
        "rating": 4.5,
        "image": "https://encrypted-tbn0.gstatic.com/images?q=tbn:ANd9GcQC4AuoyQsi6fXCKgIXNZZubywSr0KvTaA7ZQ&s",
        "imageDescription": "An arial view of a paper box with six puffy rolls."
    },
    {
        "name": "Cafe Javasti",
        "latitude": 47.69156686391974,
        "longitude": -122.2908980009539,
        "url": "http://javasti.com/",
        "has_patio": false,
        "cuisine": "Bakery",
        "rating": 4.2,
        "image": "https://dynamic-media-cdn.tripadvisor.com/media/photo-o/16/71/50/8d/early-morning-in-the.jpg?w=1100&h=-1&s=1",
        "imageDescription": "Inside of Cafe Javarsti showing two small tables, a stone floor, and large windows looking onto a snowy street."
    },
    {
        "name": "Thanh Vị",
        "latitude": 47.65915140370624,
        "longitude": -122.31298398800003,
        "url": "https://thanhviudistrict.com/",
        "has_patio": false,
        "cuisine": "Vietnamese",
        "rating": 4.5,
        "image": "https://tb-static.uber.com/prod/image-proc/processed_images/81ac4b9a40bd4ac1dded10dc54a30695/fb86662148be855d931b37d6c1e5fcbe.jpeg",
        "imageDescription": "Close up on a round bowl of rice with grilled meat, sushi, an egg roll, carrots, and cucmber on top."
    },
    {
        "name": "Nana's Green Tea",
        "latitude": 47.61995728409627,
        "longitude": -122.33291129084073,
        "url": "https://www.nanasgreenteaseattle.com/",
        "has_patio": true,
        "cuisine": "Japanese Dessert",
        "rating": 4.3,
        "image": "https://images.getbento.com/accounts/d9ec4b97733e2c950787c845f47cda4c/media/images/5251IMG_0260.jpg?w=1200&fit=max&auto=compress,format&cs=origin",
        "imageDescription": "A white mug with green tea and latte art, and a plate of green cookies."
    },
    {
        "name": "Sizzle & Crunch",
        "latitude": 47.65852681435086,
        "longitude": -122.31358965398644,
        "url": "https://sizzleandcrunch.com/",
        "has_patio": false,
        "cuisine": "Vietnamese",
        "rating": 4.4,
        "image": "https://tb-static.uber.com/prod/image-proc/processed_images/a8e540fe4949d5b2f9be6f9308b8542d/fb86662148be855d931b37d6c1e5fcbe.jpeg",
        "imageDescription": "Rectangular, plastic containers filled with fresh vegtables and grilled meat, and a bahn mi."
    },
    {
        "name": "Moge Tee",
        "latitude": 47.671932499155155,
        "longitude": -122.30919989893854,
        "url": "https://www.mogeteeusa.com/home",
        "has_patio": false,
        "cuisine": "Cafe",
        "rating": 3.9,
        "image": "https://static.wixstatic.com/media/a3e738_049454022ecc4b0786e0ff69aa0b2cc6~mv2.jpg/v1/fill/w_640,h_464,al_c,q_80,usm_0.66_1.00_0.01,enc_auto/a3e738_049454022ecc4b0786e0ff69aa0b2cc6~mv2.jpg",
        "imageDescription": "Four cups of chocolate, mango, matcha, and grapefruit drinks from Moge Tea against a yellow background."
    },
    {
        "name": "Araya's Place",
        "latitude": 47.6800446355248,
        "longitude": -122.31411538487157,
        "url": "http://www.arayasplace.com/",
        "has_patio": false,
        "cuisine": "Thai",
        "rating": 4.2,
        "image": "https://thevendry.com/cdn-cgi/image/width=3840,quality=75,fit=contain,metadata=none,format=auto/https%3A%2F%2Fs3.us-east-1.amazonaws.com%2Fuploads.thevendry.co%2F24983%2F1685723363420_IMG_3620.jpg",
        "imageDescription": "Exterior of Araya's Place showing the patio seating and string lights hanging above."
    },
    {
        "name": "Aladdin's",
        "latitude": 47.657960,
        "longitude": -122.313390,
        "url": "https://www.aladdingyro.com",
        "has_patio": true,
        "cuisine": "Mediterranean",
        "rating": 4.5,
        "image": "https://encrypted-tbn0.gstatic.com/images?q=tbn:ANd9GcRD2Goql-HUNXjfLYfT4ZZZlmBzr5R5RxaO_w&s",
        "imageDescription": "Outside of Aladdins with yellow and red signs and an open window showing the workers inside."
    },
    {
        "name": "Ginger & Scallion",
        "latitude": 47.67612456582727,
        "longitude": -122.36269548512966,
        "url": "https://gingerscallion.square.site/",
        "has_patio": false,
        "cuisine": "Chinese",
        "rating": 4.3,
        "image": "https://images.seattletimes.com/wp-content/uploads/2024/04/04292024_12_180829.jpg?d=780x520",
        "imageDescription": "plate with chicken and cucumbers, a bowl of rice, and various sauces arranged on a table."
    },
    {
        "name": "Beacon BBQ",
        "latitude": 47.55864259382963,
        "longitude": -122.3036419201234,
        "url": "https://order.mealkeyway.com/merchant/5441724967512f4d307a30506f5a45726b4e415a49773d3d/main",
        "has_patio": false,
        "cuisine": "Dim Sum",
        "rating": 4.3,
        "image": "https://s3-media0.fl.yelpcdn.com/bphoto/eEIktYTjafBua-h-ApWA5g/348s.jpg",
        "imageDescription": "Siu Mai and Har Gow dim sum in a box with a crocheted mushroom in the back."
    },
    {
        "name": "Earl's on the Ave",
        "latitude": 47.66079840852071,
        "longitude": -122.31345808704121,
        "url": "https://www.earlsontheave.com/",
        "has_patio": false,
        "cuisine": "Sports Bar",
        "rating": 4.1,
        "image": "https://s3-media0.fl.yelpcdn.com/bphoto/BrwQgqcgLJavnlI4zZ_uUA/348s.jpg",
        "imageDescription": "Exterior of Earl's on the Ave with a purple overhang."
    },
    {
        "name": "JOEY",
        "latitude": 47.661523481854594,
        "longitude": -122.29981782556398,
        "url": "https://joeyrestaurants.com/location/joey-university-village",
        "has_patio": false,
        "cuisine": "Canadian",
        "rating": 4.7,
        "image": "https://uvillage.com/wp-content/uploads/2022/06/Layer-36-1.jpg",
        "imageDescription": "Exterior of JOEY with a large sign and the outdoor seating."
    },
    {
        "name": "Cultivate",
        "latitude": 47.65646139026257,
        "longitude": -122.31522552925125,
        "url": "https://hfs.uw.edu/Eat/dining-hours/Cultivate",
        "has_patio": false,
        "cuisine": "American",
        "rating": 3.5,
        "image": "https://www.seattleweekly.com/wp-content/uploads/2018/11/1187694.jpg",
        "imageDescription": "Inside of Cultivate restaurant with a server picking up plates of food and students seated at tables in the background."
    },
    {
        "name": "Arches Thai",
        "latitude": 38.57419899583165,
        "longitude": -109.55246828530993,
        "url": "http://archesthai.com/",
        "has_patio": true,
        "cuisine": "Thai",
        "rating": 4.2,
        "image": "https://media-cdn.tripadvisor.com/media/photo-s/28/5c/9c/18/moab-s-favorite-thai.jpg",
        "imageDescription": "Exterior of Arches Thai restaurant with a walkway and trees in the background."
    },
    {
        "name": "Lee's Kitchen Noodle & Rice",
        "latitude": 47.65705123456311,
        "longitude":  -122.31415584238943,
        "url": "https://www.ordertogo.com/restaurants/leeskitchenuw/mesh",
        "has_patio": false,
        "cuisine": "Chinese",
        "rating": 4.3,
        "image": "https://s3-media4.fl.yelpcdn.com/bphoto/U9pv91cQfjmJScbvgqkadw/l.jpg",
        "imageDescription": "Blue and purple exterior of Lee's Kitchen restaurant and the outdoor seating."
    },
    {
        "name": "Korean Tofu House",
        "latitude": 47.65823847417734,
        "longitude":  -122.3140707659471,
        "url": "https://www.yelp.com/biz/korean-tofu-house-seattle",
        "has_patio": false,
        "cuisine": "Korean",
        "rating": 4.3,
        "image": "https://lh5.googleusercontent.com/p/AF1QipPVMV_7sDixpaqvXWquiOIUoxBVo9QRK2Hm2fM=w114-h114-n-k-n",
        "imageDescription": "Exterior of Korean Tofu House restaurant, a building with green walls."
    },
    {
        "name": "RockCreek Seafood & Spirits",
        "latitude": 47.660484351596395,
        "longitude": -122.34982020929307,
        "url": "https://www.rockcreekseafood.com/",
        "has_patio": true,
        "cuisine": "Seafood",
        "rating": 4.6,
        "image": "https://lh5.googleusercontent.com/p/AF1QipMmP77cs-Pqby_w5kgcC7FJcL3xghGj1VDqgKsx=w432-h172-p-k-noription",
        "imageDescription": "The building has a simple, industrial aesthetic with light-colored walls and red trim with a large sign hanging in front that says \"RockCreek Seafood & Spirits\"."
    }
]